"","ins_rcl","ins_prec","del_rcl","del_prec","eins_rcl","eins_prec","edel_rcl","edel_prec"
"1",0,-0.018333,0,0,-0.062762,-0.083072,0,0
"2",0,0,0,0,0.03,0.01,0,0
"3",0,0,0,0,0.03,0.00676399999999999,0,0
"4",0,-0.000935000000000019,0,-0.00155799999999995,-0.07016,-0.037841,0,0
"5",0,0,0,0,0.03,0.01,0,0
