"","ins_rcl","ins_prec","del_rcl","del_prec","eins_rcl","eins_prec","edel_rcl","edel_prec"
"1",0,0,0,0,0.03,0.01,0,0
"2",0,-0.00854699999999997,0,0,0.03,0.00928799999999996,0,0
"3",0,0,0,0,-0.050929,-0.023644,0,0
"4",0,0,0,0,0.03,0.01,0,0
"5",0,0,0,0,0.03,0.01,0,0
